id:,81321973
name:,Tommy Hilfiger Watch Daniel 1710383
opinions amount:,302

id,author,recommendation,score,content,advantages,disadvantages,likes,dislikes,publish time,purchase time
17604637,e...k,Polecam,5.0,"Polecam, wyglÄ…da super na rÄ™ku, idealne wykonanie, moÅ¼liwoÅ›Ä‡ graweru na odwrocie z dedykacjÄ…. Tarcza czytelna, duÅ¼a. 
MÄ…Å¼ zadowolony z prezentu.
DziÄ™kujÄ™",jakoÅ›Ä‡ wyglÄ…d wygoda,,2,2,2023-06-13 08:52:34,
18575324,gabrys.zbek*****,Polecam,5.0,Super zegareczek i bardzo elegancki i majÄ…c go na weselu czy innej imprezce jesteÅ› jak Prezes :D UwaÅ¼am Å¼e warto kupiÄ‡ u montres !,,,0,0,2024-04-16 05:17:33,2024-04-03 12:56:37
18058631,m...6,Polecam,5.0,"Zegarek cudowny, mÄ…Å¼ zachwycony - a to najwaÅ¼niejsze. PiÄ™knie prezentuje siÄ™ na rÄ™ku, super wykonany. Polecam",jakoÅ›Ä‡ wyglÄ…d wygoda,,0,0,2023-11-02 08:59:35,
16461608,m...a,Polecam,5.0,"PiÄ™kny zegarek, super kontakt ze sprzedajÄ…cym, plus opcja zapakowania na prezent bardzo na plus. Bardzo polecam!",jakoÅ›Ä‡ wyglÄ…d wygoda,,0,0,2022-08-26 22:53:55,2022-08-21 22:40:30
17971451,m...s,Polecam,5.0,Nic dodaÄ‡ nic ujÄ…Ä‡ wszystko zgodne z opisem i co najwarzniejsze szybko dziÄ™ki bardzo polecam. ğŸ’ª,jakoÅ›Ä‡ wyglÄ…d wygoda,,0,0,2023-10-05 13:03:42,2023-10-02 20:50:17
16581309,Wiertek,Polecam,5.0,"Bardzo Å‚adny zegarek, moÅ¼e powinienem kupiÄ‡ srebny ale i tak jestem bardzo zadowolony ğŸ˜.",jakoÅ›Ä‡ wyglÄ…d wygoda,,0,0,2022-09-30 18:37:39,2022-09-25 21:33:44
18270142,w...1,Polecam,5.0,Super zegarek. Bardzo Å‚adny i oczywiÅ›cie oryginalny. Polecam serdecznie.,jakoÅ›Ä‡ wyglÄ…d wygoda,,0,0,2024-01-03 22:15:59,
16923581,k...r,Polecam,5.0,"Dobra jakoÅ›Ä‡ zegarka, przesyÅ‚ka na czas, oryginalny, zdecydowanie polecam.",jakoÅ›Ä‡ wyglÄ…d wygoda,,0,0,2022-12-23 17:17:47,2022-12-15 21:39:39
17775528,N...0,Polecam,5.0,Bardzo dobre wykonanie zegarka . Åadniejszy niÅ¼ na zdjÄ™ciu ! Polecam !,jakoÅ›Ä‡ wyglÄ…d wygoda,,0,0,2023-08-05 01:23:59,2023-07-28 07:48:16
18517774,basia1,Polecam,5.0,Zegarek piÄ™knie prezentuje siÄ™ na rÄ™ku. Polecam z caÅ‚ego serca,jakoÅ›Ä‡ wyglÄ…d wygoda,,0,0,2024-03-22 16:22:56,2024-03-15 09:57:18
